<?xml version="1.0" encoding="utf-8"?>
<edmx:Edmx Version="3.0" xmlns:edmx="http://schemas.microsoft.com/ado/2009/11/edmx">
 <!-- EF Designer content (DO NOT EDIT MANUALLY BELOW HERE) -->
  <edmx:Designer xmlns="http://schemas.microsoft.com/ado/2009/11/edmx">
    <!-- Diagram content (shape and connector positions) -->
    <edmx:Diagrams>
      <Diagram DiagramId="213fd4470fdb43b8ba0c8af748bd0063" Name="Diagram1" ZoomLevel="75">
        <EntityTypeShape EntityType="PBL3NETModel.ChucVu" Width="1.5" PointX="0.75" PointY="5" IsExpanded="true" />
        <EntityTypeShape EntityType="PBL3NETModel.LichLamViec" Width="1.5" PointX="5.25" PointY="1.25" IsExpanded="true" />
        <EntityTypeShape EntityType="PBL3NETModel.LichNghi" Width="1.5" PointX="5.25" PointY="5.875" IsExpanded="true" />
        <EntityTypeShape EntityType="PBL3NETModel.NV" Width="1.5" PointX="3" PointY="3.125" IsExpanded="true" />
        <EntityTypeShape EntityType="PBL3NETModel.TaiKhoan" Width="1.5" PointX="0.75" PointY="2.125" IsExpanded="true" />
        <EntityTypeShape EntityType="PBL3NETModel.TongSoBuoi" Width="1.5" PointX="5.25" PointY="8.625" IsExpanded="true" />
        <AssociationConnector Association="PBL3NETModel.FK_NV_ChucVu" ManuallyRouted="false" />
        <AssociationConnector Association="PBL3NETModel.FK__LichLamVi__PhaCh__2E1BDC42" ManuallyRouted="false" />
        <AssociationConnector Association="PBL3NETModel.FK__LichLamVi__PhaCh__2F10007B" ManuallyRouted="false" />
        <AssociationConnector Association="PBL3NETModel.FK__LichLamVi__PhucV__300424B4" ManuallyRouted="false" />
        <AssociationConnector Association="PBL3NETModel.FK__LichLamVi__PhucV__30F848ED" ManuallyRouted="false" />
        <AssociationConnector Association="PBL3NETModel.FK__LichNghi__MaNV__31EC6D26" ManuallyRouted="false" />
        <AssociationConnector Association="PBL3NETModel.FK__TongSoBuoi__MaNV__34C8D9D1" ManuallyRouted="false" />
        <AssociationConnector Association="PBL3NETModel.FK_NV_TaiKhoan" ManuallyRouted="false" />
      </Diagram>
    </edmx:Diagrams>
  </edmx:Designer>
</edmx:Edmx>